{
    "flxHamburger": {
        "images": [
            "common/dashboard.png",
            "common/accounts.png",
            "mobile/native/android/drawable-xxhdpi/accounts.png",
            "common/opportunities.png",
            "mobile/native/android/drawable-xxhdpi/opportunities.png",
            "common/menu_logout.png",
            "common/sync_icon.png",
            "common/menu_settings.png"
        ],
        "kuid": "46ffeaa5b91b497e9274e06e632f991f",
        "previewImage": "46ffeaa5b91b497e9274e06e632f991f.png",
        "skinDefs": {
            "CopysknLblPinkColor1": {
                "android": {
                    "font_name": "ClanPro-Book",
                    "font_size": 120,
                    "isForked": false
                },
                "background_color": "00000000",
                "bg_type": "one",
                "border_color": "424242ff",
                "border_style": "plain",
                "border_type": 0,
                "border_width": 0,
                "desktopweb": {
                    "font_name": "Helvetica",
                    "font_size": 120,
                    "isForked": false
                },
                "fontSizeInPx": false,
                "font_color": "ffffffff",
                "font_name": "Helvetica",
                "font_size": 120,
                "font_style": "normal",
                "font_weight": "normal",
                "id": "s5f5910e49dc4adcb0f4695033be4bd4",
                "ipad": {
                    "font_name": "Helvetica",
                    "font_size": 120,
                    "isForked": false
                },
                "iphone": {
                    "font_name": "ClanPro-Book",
                    "font_size": 120,
                    "isForked": false
                },
                "isDefaultSkin": false,
                "kiosk": {
                    "font_name": "GenericMonospace",
                    "font_size": 120,
                    "isForked": false
                },
                "kuid": "s5f5910e49dc4adcb0f4695033be4bd4",
                "spaan": {
                    "font_name": "Andale Mono",
                    "font_size": 120,
                    "isForked": false
                },
                "spaandroidtablet": {
                    "font_name": "Helvetica",
                    "font_size": 120,
                    "isForked": false
                },
                "spabb": {
                    "font_name": "Helvetica",
                    "font_size": 120,
                    "isForked": false
                },
                "spaip": {
                    "font_name": "Andale Mono",
                    "font_size": 120,
                    "isForked": false
                },
                "spaipad": {
                    "font_name": "Helvetica",
                    "font_size": 120,
                    "isForked": false
                },
                "spawindowstablet": {
                    "font_name": "Helvetica",
                    "font_size": 120,
                    "isForked": false
                },
                "spawinphone8": {
                    "font_name": "Helvetica",
                    "font_size": 120,
                    "isForked": false
                },
                "tabrcandroid": {
                    "font_name": "Helvetica",
                    "font_size": 120,
                    "isForked": false
                },
                "wType": "Label",
                "watchos": {
                    "font_name": "Helvetica",
                    "font_size": 120,
                    "isForked": false
                },
                "windows8": {
                    "font_name": "GenericMonospace",
                    "font_size": 120,
                    "isForked": false
                },
                "winphone8": {
                    "font_name": "GenericMonospace",
                    "font_size": 120,
                    "isForked": false
                }
            },
            "CopyslFbox2": {
                "background_color": "00000000",
                "bg_type": "one",
                "border_color": "000000ff",
                "border_style": "plain",
                "border_type": 0,
                "border_width": 0,
                "id": "s59bc1eb7d0b40fd9c5dcb94b7457af4",
                "isDefaultSkin": false,
                "kuid": "s59bc1eb7d0b40fd9c5dcb94b7457af4",
                "wType": "FlexContainer"
            },
            "CopyslFbox3": {
                "background_color": "00000000",
                "bg_type": "one",
                "border_color": "000000ff",
                "border_style": "plain",
                "border_type": 0,
                "border_width": 0,
                "id": "s3f576aa3d82438ba845da1220416ac1",
                "isDefaultSkin": false,
                "kuid": "s3f576aa3d82438ba845da1220416ac1",
                "wType": "FlexContainer"
            },
            "CopyslImage1": {
                "background_color": "00000000",
                "bg_type": "one",
                "border_color": "000000ff",
                "border_style": "plain",
                "border_type": 0,
                "border_width": 0,
                "font_color": "000000ff",
                "font_name": "Helvetica",
                "font_size": 156,
                "font_style": "normal",
                "font_weight": "normal",
                "id": "sf58689b37354bf0a8f5dff0ec5f8760",
                "isDefaultSkin": false,
                "kuid": "sf58689b37354bf0a8f5dff0ec5f8760",
                "wType": "Image"
            },
            "flxTrans": {
                "background_color": "ffffff00",
                "bg_type": "one",
                "border_color": "000000ff",
                "border_style": "plain",
                "border_type": 0,
                "border_width": 0,
                "id": "s79923bc0be4426b90a599afaceba55b",
                "isDefaultSkin": false,
                "kuid": "s79923bc0be4426b90a599afaceba55b",
                "wType": "FlexContainer"
            }
        },
        "sourceChannel": "mobile",
        "templateDef": {
            "DNDConfig": null,
            "__parentReadjusting__": false,
            "_height_": {
                "type": "string",
                "value": "100%"
            },
            "_left_": {
                "type": "string",
                "value": "0px"
            },
            "_margin_": [
                0,
                0,
                0,
                0
            ],
            "_orientation_": 6,
            "_padding_": [
                0,
                0,
                0,
                0
            ],
            "_percent_": true,
            "_skin_": "flxTrans",
            "_top_": {
                "type": "string",
                "value": "0px"
            },
            "_width_": {
                "type": "string",
                "value": "70%"
            },
            "allboxes": [],
            "autogrowmode": 0,
            "canUpdateUI": true,
            "children": [
                "flxDashboard",
                "flxAccounts",
                "flxOpportunities",
                "flxFooterMenu"
            ],
            "clipbounds": true,
            "containerweight": 100,
            "enablescrolling": true,
            "flxAccounts": {
                "DNDConfig": null,
                "__parentReadjusting__": false,
                "_height_": {
                    "type": "string",
                    "value": "8%"
                },
                "_left_": {
                    "type": "string",
                    "value": "0%"
                },
                "_margin_": [
                    0,
                    0,
                    0,
                    0
                ],
                "_orientation_": 6,
                "_padding_": [
                    0,
                    0,
                    0,
                    0
                ],
                "_percent_": true,
                "_skin_": "CopyslFbox2",
                "_top_": {
                    "type": "string",
                    "value": "18%"
                },
                "_width_": {
                    "type": "string",
                    "value": "100%"
                },
                "allboxes": [],
                "autogrowmode": 0,
                "canUpdateUI": true,
                "children": [
                    "lblAccounts",
                    "imgAccounts"
                ],
                "clipbounds": true,
                "containerweight": 100,
                "enablescrolling": true,
                "id": "flxAccounts",
                "imgAccounts": {
                    "@class": "com.kony.gen.viz.model.component.KVizImage2",
                    "DNDConfig": null,
                    "__parentReadjusting__": false,
                    "_base64_": null,
                    "_height_": {
                        "type": "string",
                        "value": "30dp"
                    },
                    "_left_": {
                        "type": "string",
                        "value": "5%"
                    },
                    "_margin_": [
                        0,
                        0,
                        0,
                        0
                    ],
                    "_padding_": [
                        0,
                        0,
                        0,
                        0
                    ],
                    "_skin_": "CopyslImage1",
                    "_src_": "accounts.png",
                    "_width_": {
                        "type": "string",
                        "value": "30dp"
                    },
                    "canUpdateUI": true,
                    "centery": {
                        "type": "string",
                        "value": "50%"
                    },
                    "containerweight": 100,
                    "context": {
                        "channel": "mobile",
                        "platform": "iphone",
                        "templateType": "forms"
                    },
                    "id": "imgAccounts",
                    "imagescalemode": 1,
                    "imagewhenfailed": "accounts.png",
                    "imagewhiledownloading": "accounts.png",
                    "info": null,
                    "isvisible": true,
                    "kuid": "c23c7dd9fa7c45e3b5e2b1dc0b12c071",
                    "name": "kony.ui.Image2",
                    "parent": "flxAccounts",
                    "pf": "collection-form",
                    "srcType": 1,
                    "wType": "Image",
                    "widgetalignment": 5,
                    "zindex": 1
                },
                "info": null,
                "isvisible": true,
                "kuid": "d979683fc34f4fc195c79a89d0ebb975",
                "layouttype": 2,
                "lblAccounts": {
                    "@class": "com.kony.gen.viz.model.component.KVizLabel",
                    "DNDConfig": null,
                    "__parentReadjusting__": false,
                    "_height_": {
                        "type": "ref",
                        "value": "preferred"
                    },
                    "_left_": {
                        "type": "string",
                        "value": "22%"
                    },
                    "_margin_": [
                        1,
                        1,
                        1,
                        1
                    ],
                    "_padding_": [
                        0,
                        0,
                        0,
                        0
                    ],
                    "_skin_": "CopysknLblPinkColor1",
                    "_text_": "Accounts",
                    "_width_": {
                        "type": "string",
                        "value": "70%"
                    },
                    "_wrapping_": 2,
                    "android": {
                        "textStyle": {
                            "letterSpacing": 0,
                            "strikeThrough": false
                        }
                    },
                    "canUpdateUI": true,
                    "centery": {
                        "type": "string",
                        "value": "50%"
                    },
                    "containerweight": 100,
                    "contentalignment": 4,
                    "id": "lblAccounts",
                    "info": null,
                    "iphone": {
                        "psp": {
                            "wrapping": 2
                        }
                    },
                    "isvisible": true,
                    "kuid": "de06007a9622409aa2bfee147cf1ed83",
                    "name": "kony.ui.Label",
                    "parent": "flxAccounts",
                    "pf": "collection-form",
                    "tooltip": "",
                    "wType": "Label",
                    "zindex": 1
                },
                "name": "kony.ui.FlexContainer",
                "parent": "flxHamburger",
                "pf": "collection-form",
                "snapgridsize": 10,
                "snaptogrid": true,
                "wType": "FlexContainer",
                "widgetalignment": 1,
                "zindex": 1
            },
            "flxDashboard": {
                "DNDConfig": null,
                "__parentReadjusting__": false,
                "_height_": {
                    "type": "string",
                    "value": "8%"
                },
                "_left_": {
                    "type": "string",
                    "value": "0%"
                },
                "_margin_": [
                    0,
                    0,
                    0,
                    0
                ],
                "_orientation_": 6,
                "_padding_": [
                    0,
                    0,
                    0,
                    0
                ],
                "_percent_": true,
                "_skin_": "CopyslFbox2",
                "_top_": {
                    "type": "string",
                    "value": "9%"
                },
                "_width_": {
                    "type": "string",
                    "value": "100%"
                },
                "allboxes": [],
                "autogrowmode": 0,
                "canUpdateUI": true,
                "children": [
                    "lblDashboard",
                    "imgDashboard"
                ],
                "clipbounds": true,
                "containerweight": 100,
                "enablescrolling": true,
                "id": "flxDashboard",
                "imgDashboard": {
                    "@class": "com.kony.gen.viz.model.component.KVizImage2",
                    "DNDConfig": null,
                    "__parentReadjusting__": false,
                    "_base64_": null,
                    "_height_": {
                        "type": "string",
                        "value": "30dp"
                    },
                    "_left_": {
                        "type": "string",
                        "value": "5%"
                    },
                    "_margin_": [
                        0,
                        0,
                        0,
                        0
                    ],
                    "_padding_": [
                        0,
                        0,
                        0,
                        0
                    ],
                    "_skin_": "CopyslImage1",
                    "_src_": "dashboard.png",
                    "_width_": {
                        "type": "string",
                        "value": "30dp"
                    },
                    "canUpdateUI": true,
                    "centery": {
                        "type": "string",
                        "value": "50%"
                    },
                    "containerweight": 100,
                    "context": {
                        "channel": "mobile",
                        "platform": "iphone",
                        "templateType": "forms"
                    },
                    "id": "imgDashboard",
                    "imagescalemode": 1,
                    "imagewhenfailed": "dashboard.png",
                    "imagewhiledownloading": "dashboard.png",
                    "info": null,
                    "isvisible": true,
                    "kuid": "bfcfd8bab07843e589902b45505edead",
                    "name": "kony.ui.Image2",
                    "parent": "flxDashboard",
                    "pf": "collection-form",
                    "srcType": 1,
                    "wType": "Image",
                    "widgetalignment": 5,
                    "zindex": 1
                },
                "info": null,
                "isvisible": true,
                "kuid": "4579db9581634ca38870d23190da6af7",
                "layouttype": 2,
                "lblDashboard": {
                    "@class": "com.kony.gen.viz.model.component.KVizLabel",
                    "DNDConfig": null,
                    "__parentReadjusting__": false,
                    "_height_": {
                        "type": "ref",
                        "value": "preferred"
                    },
                    "_left_": {
                        "type": "string",
                        "value": "22%"
                    },
                    "_margin_": [
                        1,
                        1,
                        1,
                        1
                    ],
                    "_padding_": [
                        0,
                        0,
                        0,
                        0
                    ],
                    "_skin_": "CopysknLblPinkColor1",
                    "_text_": "Dashboard",
                    "_width_": {
                        "type": "string",
                        "value": "70%"
                    },
                    "_wrapping_": 2,
                    "android": {
                        "textStyle": {
                            "letterSpacing": 0,
                            "strikeThrough": false
                        }
                    },
                    "canUpdateUI": true,
                    "centery": {
                        "type": "string",
                        "value": "50%"
                    },
                    "containerweight": 100,
                    "contentalignment": 4,
                    "id": "lblDashboard",
                    "info": null,
                    "iphone": {
                        "psp": {
                            "wrapping": 2
                        }
                    },
                    "isvisible": true,
                    "kuid": "8028e438a8bb4b8f85baa3a7eb9546bb",
                    "name": "kony.ui.Label",
                    "parent": "flxDashboard",
                    "pf": "collection-form",
                    "tooltip": "",
                    "wType": "Label",
                    "zindex": 1
                },
                "name": "kony.ui.FlexContainer",
                "parent": "flxHamburger",
                "pf": "collection-form",
                "snapgridsize": 10,
                "snaptogrid": true,
                "wType": "FlexContainer",
                "widgetalignment": 1,
                "zindex": 1
            },
            "flxFooterMenu": {
                "DNDConfig": null,
                "__parentReadjusting__": false,
                "_bottom_": {
                    "type": "string",
                    "value": "4%"
                },
                "_height_": {
                    "type": "string",
                    "value": "8%"
                },
                "_left_": {
                    "type": "string",
                    "value": "0%"
                },
                "_margin_": [
                    0,
                    0,
                    0,
                    0
                ],
                "_orientation_": 6,
                "_padding_": [
                    0,
                    0,
                    0,
                    0
                ],
                "_percent_": true,
                "_skin_": "CopyslFbox2",
                "_width_": {
                    "type": "string",
                    "value": "100%"
                },
                "allboxes": [],
                "autogrowmode": 0,
                "canUpdateUI": true,
                "children": [
                    "flxLogOut",
                    "imgSync",
                    "imgsettings"
                ],
                "clipbounds": true,
                "containerweight": 100,
                "enablescrolling": true,
                "flxLogOut": {
                    "DNDConfig": null,
                    "__parentReadjusting__": false,
                    "_height_": {
                        "type": "string",
                        "value": "35dp"
                    },
                    "_left_": {
                        "type": "string",
                        "value": "5%"
                    },
                    "_margin_": [
                        0,
                        0,
                        0,
                        0
                    ],
                    "_orientation_": 6,
                    "_padding_": [
                        0,
                        0,
                        0,
                        0
                    ],
                    "_percent_": true,
                    "_skin_": "CopyslFbox3",
                    "_top_": {
                        "type": "string",
                        "value": "523dp"
                    },
                    "_width_": {
                        "type": "string",
                        "value": "50dp"
                    },
                    "allboxes": [],
                    "autogrowmode": 0,
                    "canUpdateUI": true,
                    "centery": {
                        "type": "string",
                        "value": "50%"
                    },
                    "children": [
                        "imgLogOut"
                    ],
                    "clipbounds": true,
                    "containerweight": 100,
                    "enablescrolling": true,
                    "id": "flxLogOut",
                    "imgLogOut": {
                        "@class": "com.kony.gen.viz.model.component.KVizImage2",
                        "DNDConfig": null,
                        "__parentReadjusting__": false,
                        "_base64_": null,
                        "_height_": {
                            "type": "string",
                            "value": "30dp"
                        },
                        "_left_": {
                            "type": "string",
                            "value": "0%"
                        },
                        "_margin_": [
                            0,
                            0,
                            0,
                            0
                        ],
                        "_padding_": [
                            0,
                            0,
                            0,
                            0
                        ],
                        "_skin_": "CopyslImage1",
                        "_src_": "menu_logout.png",
                        "_width_": {
                            "type": "string",
                            "value": "45dp"
                        },
                        "canUpdateUI": true,
                        "centerx": {
                            "type": "string",
                            "value": "50%"
                        },
                        "centery": {
                            "type": "string",
                            "value": "50%"
                        },
                        "containerweight": 100,
                        "context": {
                            "channel": "mobile",
                            "platform": "iphone",
                            "templateType": "forms"
                        },
                        "id": "imgLogOut",
                        "imagescalemode": 1,
                        "imagewhenfailed": "menu_logout.png",
                        "imagewhiledownloading": "menu_logout.png",
                        "info": null,
                        "isvisible": true,
                        "kuid": "953f2d3b8d374efc9ca45868796be1d9",
                        "name": "kony.ui.Image2",
                        "parent": "flxLogOut",
                        "pf": "collection-form",
                        "srcType": 1,
                        "wType": "Image",
                        "widgetalignment": 5,
                        "zindex": 1
                    },
                    "info": null,
                    "isvisible": true,
                    "kuid": "8e63fef0412042dcbc25e48ba314d867",
                    "layouttype": 2,
                    "name": "kony.ui.FlexContainer",
                    "parent": "flxFooterMenu",
                    "pf": "collection-form",
                    "snapgridsize": 10,
                    "snaptogrid": true,
                    "wType": "FlexContainer",
                    "widgetalignment": 1,
                    "zindex": 1
                },
                "id": "flxFooterMenu",
                "imgSync": {
                    "@class": "com.kony.gen.viz.model.component.KVizImage2",
                    "DNDConfig": null,
                    "__parentReadjusting__": false,
                    "_base64_": null,
                    "_height_": {
                        "type": "string",
                        "value": "30dp"
                    },
                    "_left_": {
                        "type": "string",
                        "value": "5%"
                    },
                    "_margin_": [
                        0,
                        0,
                        0,
                        0
                    ],
                    "_padding_": [
                        0,
                        0,
                        0,
                        0
                    ],
                    "_skin_": "CopyslImage1",
                    "_src_": "sync_icon.png",
                    "_width_": {
                        "type": "string",
                        "value": "45dp"
                    },
                    "canUpdateUI": true,
                    "centery": {
                        "type": "string",
                        "value": "50%"
                    },
                    "containerweight": 100,
                    "context": {
                        "channel": "mobile",
                        "platform": "iphone",
                        "templateType": "forms"
                    },
                    "id": "imgSync",
                    "imagescalemode": 1,
                    "imagewhenfailed": "sync_icon.png",
                    "imagewhiledownloading": "sync_icon.png",
                    "info": null,
                    "isvisible": true,
                    "kuid": "b1f0a7770cc149018fff6de5dce0f1d4",
                    "name": "kony.ui.Image2",
                    "parent": "flxFooterMenu",
                    "pf": "collection-form",
                    "srcType": 1,
                    "wType": "Image",
                    "widgetalignment": 5,
                    "zindex": 1
                },
                "imgsettings": {
                    "@class": "com.kony.gen.viz.model.component.KVizImage2",
                    "DNDConfig": null,
                    "__parentReadjusting__": false,
                    "_base64_": null,
                    "_height_": {
                        "type": "string",
                        "value": "35dp"
                    },
                    "_left_": {
                        "type": "string",
                        "value": "5%"
                    },
                    "_margin_": [
                        0,
                        0,
                        0,
                        0
                    ],
                    "_padding_": [
                        0,
                        0,
                        0,
                        0
                    ],
                    "_skin_": "CopyslImage1",
                    "_src_": "menu_settings.png",
                    "_width_": {
                        "type": "string",
                        "value": "35dp"
                    },
                    "canUpdateUI": true,
                    "centery": {
                        "type": "string",
                        "value": "50%"
                    },
                    "containerweight": 100,
                    "context": {
                        "channel": "mobile",
                        "platform": "iphone",
                        "templateType": "forms"
                    },
                    "id": "imgsettings",
                    "imagescalemode": 1,
                    "imagewhenfailed": "menu_settings.png",
                    "imagewhiledownloading": "menu_settings.png",
                    "info": null,
                    "isvisible": true,
                    "kuid": "2a7b642902264c1188f1805b1193326c",
                    "name": "kony.ui.Image2",
                    "parent": "flxFooterMenu",
                    "pf": "collection-form",
                    "srcType": 1,
                    "wType": "Image",
                    "widgetalignment": 5,
                    "zindex": 1
                },
                "info": null,
                "isvisible": true,
                "kuid": "27599549518a449d82be4cfff14012c3",
                "layouttype": 3,
                "name": "kony.ui.FlexContainer",
                "parent": "flxHamburger",
                "pf": "collection-form",
                "snapgridsize": 10,
                "snaptogrid": true,
                "wType": "FlexContainer",
                "widgetalignment": 1,
                "zindex": 1
            },
            "flxOpportunities": {
                "DNDConfig": null,
                "__parentReadjusting__": false,
                "_height_": {
                    "type": "string",
                    "value": "8%"
                },
                "_left_": {
                    "type": "string",
                    "value": "0%"
                },
                "_margin_": [
                    0,
                    0,
                    0,
                    0
                ],
                "_orientation_": 6,
                "_padding_": [
                    0,
                    0,
                    0,
                    0
                ],
                "_percent_": true,
                "_skin_": "CopyslFbox2",
                "_top_": {
                    "type": "string",
                    "value": "27%"
                },
                "_width_": {
                    "type": "string",
                    "value": "100%"
                },
                "allboxes": [],
                "autogrowmode": 0,
                "canUpdateUI": true,
                "children": [
                    "lblOpportunities",
                    "imgOpportunities"
                ],
                "clipbounds": true,
                "containerweight": 100,
                "enablescrolling": true,
                "id": "flxOpportunities",
                "imgOpportunities": {
                    "@class": "com.kony.gen.viz.model.component.KVizImage2",
                    "DNDConfig": null,
                    "__parentReadjusting__": false,
                    "_base64_": null,
                    "_height_": {
                        "type": "string",
                        "value": "30dp"
                    },
                    "_left_": {
                        "type": "string",
                        "value": "5%"
                    },
                    "_margin_": [
                        0,
                        0,
                        0,
                        0
                    ],
                    "_padding_": [
                        0,
                        0,
                        0,
                        0
                    ],
                    "_skin_": "CopyslImage1",
                    "_src_": "opportunities.png",
                    "_width_": {
                        "type": "string",
                        "value": "30dp"
                    },
                    "canUpdateUI": true,
                    "centery": {
                        "type": "string",
                        "value": "50%"
                    },
                    "containerweight": 100,
                    "context": {
                        "channel": "mobile",
                        "platform": "iphone",
                        "templateType": "forms"
                    },
                    "id": "imgOpportunities",
                    "imagescalemode": 1,
                    "imagewhenfailed": "opportunities.png",
                    "imagewhiledownloading": "opportunities.png",
                    "info": null,
                    "isvisible": true,
                    "kuid": "9ffc7b7b9e64492bb0d08ac7f265beb4",
                    "name": "kony.ui.Image2",
                    "parent": "flxOpportunities",
                    "pf": "collection-form",
                    "srcType": 1,
                    "wType": "Image",
                    "widgetalignment": 5,
                    "zindex": 1
                },
                "info": null,
                "isvisible": true,
                "kuid": "90e1b7bdafb2400a920645a9cbcf3a01",
                "layouttype": 2,
                "lblOpportunities": {
                    "@class": "com.kony.gen.viz.model.component.KVizLabel",
                    "DNDConfig": null,
                    "__parentReadjusting__": false,
                    "_height_": {
                        "type": "ref",
                        "value": "preferred"
                    },
                    "_left_": {
                        "type": "string",
                        "value": "22%"
                    },
                    "_margin_": [
                        1,
                        1,
                        1,
                        1
                    ],
                    "_padding_": [
                        0,
                        0,
                        0,
                        0
                    ],
                    "_skin_": "CopysknLblPinkColor1",
                    "_text_": "Opportunities",
                    "_width_": {
                        "type": "string",
                        "value": "70%"
                    },
                    "_wrapping_": 2,
                    "android": {
                        "textStyle": {
                            "letterSpacing": 0,
                            "strikeThrough": false
                        }
                    },
                    "canUpdateUI": true,
                    "centery": {
                        "type": "string",
                        "value": "50%"
                    },
                    "containerweight": 100,
                    "contentalignment": 4,
                    "id": "lblOpportunities",
                    "info": null,
                    "iphone": {
                        "psp": {
                            "wrapping": 2
                        }
                    },
                    "isvisible": true,
                    "kuid": "6f015c2ae1c248b3942189c7663b4965",
                    "name": "kony.ui.Label",
                    "parent": "flxOpportunities",
                    "pf": "collection-form",
                    "tooltip": "",
                    "wType": "Label",
                    "zindex": 1
                },
                "name": "kony.ui.FlexContainer",
                "parent": "flxHamburger",
                "pf": "collection-form",
                "snapgridsize": 10,
                "snaptogrid": true,
                "wType": "FlexContainer",
                "widgetalignment": 1,
                "zindex": 1
            },
            "id": "flxHamburger",
            "info": null,
            "isvisible": true,
            "kuid": "c2448f7231ca4c93afbb95ea8b4daf61",
            "layouttype": 2,
            "name": "kony.ui.FlexContainer",
            "parent": "collection-form",
            "pf": "collection-form",
            "snapgridsize": 10,
            "snaptogrid": true,
            "undoPropsStorage": {},
            "wType": "FlexContainer",
            "widgetalignment": 1,
            "zindex": 4
        }
    }
}