{
    "flxMain": {
        "images": [
            "common/konylogotab.png",
            "common/common_bg.png"
        ],
        "kuid": "5f027e220f5e47478dce596a653687f4",
        "previewImage": "5f027e220f5e47478dce596a653687f4.png",
        "skinDefs": {
            "btnLoginF": {
                "android": {
                    "font_name": "ClanPro-Book"
                },
                "applicableblockedUIWidget": "Button",
                "background_color": "18a2a219",
                "bg_type": "one",
                "blockedimgURL": "",
                "border_color": "ff5d6eff",
                "border_style": "plain",
                "border_type": 0,
                "border_width": 1,
                "bottom_left_border_color": "000000ff",
                "bottom_left_border_radius": 10,
                "bottom_left_border_width": 0,
                "bottom_right_border_color": "000000ff",
                "bottom_right_border_radius": 10,
                "bottom_right_border_width": 0,
                "desktopweb": {
                    "applicableblockedUIWidget": "Button",
                    "background_color": {
                        "angle": 0,
                        "colors": [
                            "d62c3aff",
                            "bd1421ff",
                            "dd878dff"
                        ],
                        "cs": [
                            0,
                            50,
                            100
                        ],
                        "gt": "linear"
                    },
                    "background_style": "linear",
                    "bg_type": "ms_gradient",
                    "blockedimgURL": "",
                    "border_color": "ff5d6eff",
                    "border_style": "plain",
                    "border_type": 0,
                    "border_width": 1,
                    "bottom_left_border_color": "ffffffff",
                    "bottom_left_border_style": "plain",
                    "bottom_left_border_width": 1,
                    "bottom_right_border_color": "ffffffff",
                    "bottom_right_border_style": "plain",
                    "bottom_right_border_width": 1,
                    "font_color": "ffffffff",
                    "font_name": "Andale Mono",
                    "font_size": 148,
                    "font_style": "normal",
                    "font_weight": "normal",
                    "gridLineColor": "0000000",
                    "isForked": true,
                    "psp": {},
                    "shadow": {
                        "br": 2,
                        "color": "000000",
                        "inner": false,
                        "x": 0,
                        "y": 2
                    },
                    "text_shadow": {
                        "br": 0,
                        "color": "000000",
                        "x": 0,
                        "y": -1
                    },
                    "top_left_border_color": "ffffffff",
                    "top_left_border_style": "plain",
                    "top_left_border_width": 1,
                    "top_right_border_color": "ffffffff",
                    "top_right_border_style": "plain",
                    "top_right_border_width": 1,
                    "use_native": "false",
                    "vizChannel": "desktopweb",
                    "wType": "Button"
                },
                "fontSizeInPx": false,
                "font_color": "ffffffff",
                "font_size": 140,
                "font_weight": "normal",
                "gridLineColor": "0000000",
                "id": "s109ff3de4284cf489bad71a1090e8ce",
                "ipad": {
                    "applicableblockedUIWidget": "Button",
                    "background_color": "18a2a219",
                    "bg_type": "one",
                    "blockedimgURL": "",
                    "border_color": "ff5d6eff",
                    "border_style": "plain",
                    "border_type": 0,
                    "border_width": 1,
                    "bottom_left_border_color": "000000ff",
                    "bottom_left_border_radius": 10,
                    "bottom_left_border_width": 0,
                    "bottom_right_border_color": "000000ff",
                    "bottom_right_border_radius": 10,
                    "bottom_right_border_width": 0,
                    "font_color": "ffffffff",
                    "font_name": "AmericanTypewriter",
                    "font_size": 148,
                    "font_style": "normal",
                    "font_weight": "normal",
                    "gridLineColor": "0000000",
                    "isForked": true,
                    "psp": {},
                    "shadow": {
                        "br": 2,
                        "color": "000000",
                        "inner": false,
                        "x": 0,
                        "y": 2
                    },
                    "text_shadow": {
                        "br": 0,
                        "color": "000000",
                        "x": 0,
                        "y": -1
                    },
                    "top_left_border_color": "000000ff",
                    "top_left_border_radius": 10,
                    "top_left_border_width": 0,
                    "top_right_border_color": "000000ff",
                    "top_right_border_radius": 10,
                    "top_right_border_width": 0,
                    "use_native": "false",
                    "vizChannel": "ipad",
                    "wType": "Button"
                },
                "iphone": {
                    "font_name": "ClanPro-Book",
                    "font_size": 140,
                    "isForked": false
                },
                "isDefaultSkin": false,
                "isForked": false,
                "kiosk": {
                    "font_name": "GenericMonospace",
                    "font_size": 140,
                    "isForked": false
                },
                "kuid": "s109ff3de4284cf489bad71a1090e8ce",
                "shadow": {
                    "br": 0,
                    "color": "000000",
                    "inner": false,
                    "x": 0,
                    "y": 0
                },
                "spaan": {
                    "font_name": "Andale Mono"
                },
                "spaandroidtablet": {
                    "applicableblockedUIWidget": "Button",
                    "background_color": "18a2a219",
                    "bg_type": "one",
                    "blockedimgURL": "",
                    "border_color": "ff5d6eff",
                    "border_style": "plain",
                    "border_type": 0,
                    "border_width": 1,
                    "bottom_left_border_color": "ffffffff",
                    "bottom_left_border_style": "plain",
                    "bottom_left_border_width": 1,
                    "bottom_right_border_color": "ffffffff",
                    "bottom_right_border_style": "plain",
                    "bottom_right_border_width": 1,
                    "font_color": "ffffffff",
                    "font_name": "Andale Mono",
                    "font_size": 148,
                    "font_style": "normal",
                    "font_weight": "normal",
                    "gridLineColor": "0000000",
                    "isForked": true,
                    "psp": {},
                    "shadow": {
                        "br": 2,
                        "color": "000000",
                        "inner": false,
                        "x": 0,
                        "y": 2
                    },
                    "text_shadow": {
                        "br": 0,
                        "color": "000000",
                        "x": 0,
                        "y": -1
                    },
                    "top_left_border_color": "ffffffff",
                    "top_left_border_style": "plain",
                    "top_left_border_width": 1,
                    "top_right_border_color": "ffffffff",
                    "top_right_border_style": "plain",
                    "top_right_border_width": 1,
                    "use_native": "false",
                    "vizChannel": "spaandroidtablet",
                    "wType": "Button"
                },
                "spabb": {
                    "font_name": "Andale Mono"
                },
                "spaip": {
                    "font_name": "Andale Mono"
                },
                "spaipad": {
                    "applicableblockedUIWidget": "Button",
                    "background_color": "18a2a219",
                    "bg_type": "one",
                    "blockedimgURL": "",
                    "border_color": "ff5d6eff",
                    "border_style": "plain",
                    "border_type": 0,
                    "border_width": 1,
                    "bottom_left_border_color": "ffffffff",
                    "bottom_left_border_style": "plain",
                    "bottom_left_border_width": 1,
                    "bottom_right_border_color": "ffffffff",
                    "bottom_right_border_style": "plain",
                    "bottom_right_border_width": 1,
                    "font_color": "ffffffff",
                    "font_name": "Andale Mono",
                    "font_size": 148,
                    "font_style": "normal",
                    "font_weight": "normal",
                    "gridLineColor": "0000000",
                    "isForked": true,
                    "psp": {},
                    "shadow": {
                        "br": 2,
                        "color": "000000",
                        "inner": false,
                        "x": 0,
                        "y": 2
                    },
                    "text_shadow": {
                        "br": 0,
                        "color": "000000",
                        "x": 0,
                        "y": -1
                    },
                    "top_left_border_color": "ffffffff",
                    "top_left_border_style": "plain",
                    "top_left_border_width": 1,
                    "top_right_border_color": "ffffffff",
                    "top_right_border_style": "plain",
                    "top_right_border_width": 1,
                    "use_native": "false",
                    "vizChannel": "spaipad",
                    "wType": "Button"
                },
                "spawindowstablet": {
                    "applicableblockedUIWidget": "Button",
                    "background_color": "18a2a219",
                    "bg_type": "one",
                    "blockedimgURL": "",
                    "border_color": "ff5d6eff",
                    "border_style": "plain",
                    "border_type": 0,
                    "border_width": 1,
                    "bottom_left_border_color": "ffffffff",
                    "bottom_left_border_style": "plain",
                    "bottom_left_border_width": 1,
                    "bottom_right_border_color": "ffffffff",
                    "bottom_right_border_style": "plain",
                    "bottom_right_border_width": 1,
                    "font_color": "ffffffff",
                    "font_name": "Andale Mono",
                    "font_size": 148,
                    "font_style": "normal",
                    "font_weight": "normal",
                    "gridLineColor": "0000000",
                    "isForked": true,
                    "psp": {},
                    "shadow": {
                        "br": 2,
                        "color": "000000",
                        "inner": false,
                        "x": 0,
                        "y": 2
                    },
                    "text_shadow": {
                        "br": 0,
                        "color": "000000",
                        "x": 0,
                        "y": -1
                    },
                    "top_left_border_color": "ffffffff",
                    "top_left_border_style": "plain",
                    "top_left_border_width": 1,
                    "top_right_border_color": "ffffffff",
                    "top_right_border_style": "plain",
                    "top_right_border_width": 1,
                    "use_native": "false",
                    "vizChannel": "spawindowstablet",
                    "wType": "Button"
                },
                "spawinphone8": {
                    "font_name": "Andale Mono"
                },
                "tabrcandroid": {
                    "applicableblockedUIWidget": "Button",
                    "background_color": "18a2a219",
                    "bg_type": "one",
                    "blockedimgURL": "",
                    "border_color": "ff5d6eff",
                    "border_style": "plain",
                    "border_type": 0,
                    "border_width": 1,
                    "bottom_left_border_color": "000000ff",
                    "bottom_left_border_radius": 10,
                    "bottom_left_border_width": 0,
                    "bottom_right_border_color": "000000ff",
                    "bottom_right_border_radius": 10,
                    "bottom_right_border_width": 0,
                    "font_color": "ffffffff",
                    "font_name": "default",
                    "font_size": 148,
                    "font_style": "normal",
                    "font_weight": "normal",
                    "gridLineColor": "0000000",
                    "isForked": true,
                    "psp": {},
                    "shadow": {
                        "br": 0,
                        "color": "000000",
                        "inner": false,
                        "x": 0,
                        "y": 0
                    },
                    "text_shadow": {
                        "br": 0,
                        "color": "000000",
                        "x": 0,
                        "y": -1
                    },
                    "top_left_border_color": "000000ff",
                    "top_left_border_radius": 10,
                    "top_left_border_width": 0,
                    "top_right_border_color": "000000ff",
                    "top_right_border_radius": 10,
                    "top_right_border_width": 0,
                    "use_native": "false",
                    "vizChannel": "tabrcandroid",
                    "wType": "Button"
                },
                "text_shadow": {
                    "br": 0,
                    "color": "000000",
                    "x": 0,
                    "y": 0
                },
                "top_left_border_color": "000000ff",
                "top_left_border_radius": 10,
                "top_left_border_width": 0,
                "top_right_border_color": "000000ff",
                "top_right_border_radius": 10,
                "top_right_border_width": 0,
                "vizChannel": "default",
                "wType": "Button",
                "watchos": {
                    "font_name": "Arial",
                    "font_size": 140,
                    "isForked": false
                },
                "windows8": {
                    "applicableblockedUIWidget": "Button",
                    "background_color": "18a2a219",
                    "bg_type": "one",
                    "blockedimgURL": "",
                    "border_color": "ff5d6eff",
                    "border_style": "plain",
                    "border_type": 0,
                    "border_width": 1,
                    "bottom_left_border_color": "000000ff",
                    "bottom_left_border_radius": 10,
                    "bottom_left_border_width": 0,
                    "bottom_right_border_color": "000000ff",
                    "bottom_right_border_radius": 10,
                    "bottom_right_border_width": 0,
                    "font_color": "ffffffff",
                    "font_name": "GenericMonospace",
                    "font_size": 148,
                    "font_style": "normal",
                    "font_weight": "normal",
                    "gridLineColor": "0000000",
                    "isForked": true,
                    "psp": {},
                    "shadow": {
                        "br": 0,
                        "color": "000000",
                        "inner": false,
                        "x": 0,
                        "y": 0
                    },
                    "text_shadow": {
                        "br": 0,
                        "color": "000000",
                        "x": 0,
                        "y": 0
                    },
                    "top_left_border_color": "000000ff",
                    "top_left_border_radius": 10,
                    "top_left_border_width": 0,
                    "top_right_border_color": "000000ff",
                    "top_right_border_radius": 10,
                    "top_right_border_width": 0,
                    "use_native": "false",
                    "vizChannel": "windows8",
                    "wType": "Button"
                },
                "winphone8": {
                    "font_name": "GenericMonospace"
                }
            },
            "btnLoginN": {
                "android": {
                    "font_name": "ClanPro-Book"
                },
                "applicableblockedUIWidget": "Button",
                "background_color": "18a2a2ff",
                "bg_type": "one",
                "blockedimgURL": "",
                "border_color": "ffffffff",
                "border_style": "plain",
                "border_type": 0,
                "border_width": 1,
                "bottom_left_border_color": "000000ff",
                "bottom_left_border_radius": 10,
                "bottom_left_border_width": 0,
                "bottom_right_border_color": "000000ff",
                "bottom_right_border_radius": 10,
                "bottom_right_border_width": 0,
                "desktopweb": {
                    "applicableblockedUIWidget": "Button",
                    "background_color": {
                        "angle": 0,
                        "colors": [
                            "d62c3aff",
                            "bd1421ff",
                            "dd878dff"
                        ],
                        "cs": [
                            0,
                            50,
                            100
                        ],
                        "gt": "linear"
                    },
                    "background_style": "linear",
                    "bg_type": "ms_gradient",
                    "blockedimgURL": "",
                    "border_color": "ff5d6eff",
                    "border_style": "plain",
                    "border_type": 0,
                    "border_width": 1,
                    "bottom_left_border_color": "ffffffff",
                    "bottom_left_border_style": "plain",
                    "bottom_left_border_width": 1,
                    "bottom_right_border_color": "ffffffff",
                    "bottom_right_border_style": "plain",
                    "bottom_right_border_width": 1,
                    "font_color": "ffffffff",
                    "font_name": "Andale Mono",
                    "font_size": 148,
                    "font_style": "normal",
                    "font_weight": "normal",
                    "gridLineColor": "0000000",
                    "isForked": true,
                    "psp": {},
                    "shadow": {
                        "br": 2,
                        "color": "000000",
                        "inner": false,
                        "x": 0,
                        "y": 2
                    },
                    "text_shadow": {
                        "br": 0,
                        "color": "000000",
                        "x": 0,
                        "y": -1
                    },
                    "top_left_border_color": "ffffffff",
                    "top_left_border_style": "plain",
                    "top_left_border_width": "1",
                    "top_right_border_color": "ffffffff",
                    "top_right_border_style": "plain",
                    "top_right_border_width": 1,
                    "vizChannel": "desktopweb",
                    "wType": "Button"
                },
                "fontSizeInPx": false,
                "font_color": "ffffffff",
                "font_size": 140,
                "font_weight": "normal",
                "gridLineColor": "0000000",
                "id": "sf3d20b6c23f4dd89ba9a2a7172c2903",
                "ipad": {
                    "applicableblockedUIWidget": "Button",
                    "background_color": "18a2a219",
                    "bg_type": "one",
                    "blockedimgURL": "",
                    "border_color": "ff5d6eff",
                    "border_style": "plain",
                    "border_type": 0,
                    "border_width": 1,
                    "bottom_left_border_color": "000000ff",
                    "bottom_left_border_radius": 10,
                    "bottom_left_border_width": 0,
                    "bottom_right_border_color": "000000ff",
                    "bottom_right_border_radius": 10,
                    "bottom_right_border_width": 0,
                    "font_color": "ffffffff",
                    "font_name": "AmericanTypewriter",
                    "font_size": 148,
                    "font_style": "normal",
                    "font_weight": "normal",
                    "gridLineColor": "0000000",
                    "isForked": true,
                    "psp": {},
                    "shadow": {
                        "br": 2,
                        "color": "000000",
                        "inner": false,
                        "x": 0,
                        "y": 2
                    },
                    "text_shadow": {
                        "br": 0,
                        "color": "000000",
                        "x": 0,
                        "y": -1
                    },
                    "top_left_border_color": "000000ff",
                    "top_left_border_radius": 10,
                    "top_left_border_width": 0,
                    "top_right_border_color": "000000ff",
                    "top_right_border_radius": 10,
                    "top_right_border_width": 0,
                    "use_native": "false",
                    "vizChannel": "ipad",
                    "wType": "Button"
                },
                "iphone": {
                    "font_name": "ClanPro-Book",
                    "font_size": 140,
                    "isForked": false
                },
                "isDefaultSkin": false,
                "isForked": false,
                "kiosk": {
                    "font_name": "GenericMonospace",
                    "font_size": 140,
                    "isForked": false
                },
                "kuid": "sf3d20b6c23f4dd89ba9a2a7172c2903",
                "shadow": {
                    "br": 0,
                    "color": "000000",
                    "inner": false,
                    "x": 0,
                    "y": 0
                },
                "spaan": {
                    "font_name": "Andale Mono"
                },
                "spaandroidtablet": {
                    "applicableblockedUIWidget": "Button",
                    "background_color": "18a2a219",
                    "bg_type": "one",
                    "blockedimgURL": "",
                    "border_color": "ff5d6eff",
                    "border_style": "plain",
                    "border_type": 0,
                    "border_width": 1,
                    "bottom_left_border_color": "ffffffff",
                    "bottom_left_border_style": "plain",
                    "bottom_left_border_width": 1,
                    "bottom_right_border_color": "ffffffff",
                    "bottom_right_border_style": "plain",
                    "bottom_right_border_width": 1,
                    "font_color": "ffffffff",
                    "font_name": "Andale Mono",
                    "font_size": 148,
                    "font_style": "normal",
                    "font_weight": "normal",
                    "gridLineColor": "0000000",
                    "isForked": true,
                    "psp": {},
                    "shadow": {
                        "br": 2,
                        "color": "000000",
                        "inner": false,
                        "x": 0,
                        "y": 2
                    },
                    "text_shadow": {
                        "br": 0,
                        "color": "000000",
                        "x": 0,
                        "y": -1
                    },
                    "top_left_border_color": "ffffffff",
                    "top_left_border_style": "plain",
                    "top_left_border_width": "1",
                    "top_right_border_color": "ffffffff",
                    "top_right_border_style": "plain",
                    "top_right_border_width": 1,
                    "vizChannel": "spaandroidtablet",
                    "wType": "Button"
                },
                "spabb": {
                    "font_name": "Andale Mono"
                },
                "spaip": {
                    "font_name": "Andale Mono"
                },
                "spaipad": {
                    "applicableblockedUIWidget": "Button",
                    "background_color": "18a2a219",
                    "bg_type": "one",
                    "blockedimgURL": "",
                    "border_color": "ff5d6eff",
                    "border_style": "plain",
                    "border_type": 0,
                    "border_width": 1,
                    "bottom_left_border_color": "ffffffff",
                    "bottom_left_border_style": "plain",
                    "bottom_left_border_width": 1,
                    "bottom_right_border_color": "ffffffff",
                    "bottom_right_border_style": "plain",
                    "bottom_right_border_width": 1,
                    "font_color": "ffffffff",
                    "font_name": "Andale Mono",
                    "font_size": 148,
                    "font_style": "normal",
                    "font_weight": "normal",
                    "gridLineColor": "0000000",
                    "isForked": true,
                    "psp": {},
                    "shadow": {
                        "br": 2,
                        "color": "000000",
                        "inner": false,
                        "x": 0,
                        "y": 2
                    },
                    "text_shadow": {
                        "br": 0,
                        "color": "000000",
                        "x": 0,
                        "y": -1
                    },
                    "top_left_border_color": "ffffffff",
                    "top_left_border_style": "plain",
                    "top_left_border_width": "1",
                    "top_right_border_color": "ffffffff",
                    "top_right_border_style": "plain",
                    "top_right_border_width": 1,
                    "vizChannel": "spaipad",
                    "wType": "Button"
                },
                "spawindowstablet": {
                    "applicableblockedUIWidget": "Button",
                    "background_color": "18a2a219",
                    "bg_type": "one",
                    "blockedimgURL": "",
                    "border_color": "ff5d6eff",
                    "border_style": "plain",
                    "border_type": 0,
                    "border_width": 1,
                    "bottom_left_border_color": "ffffffff",
                    "bottom_left_border_style": "plain",
                    "bottom_left_border_width": 1,
                    "bottom_right_border_color": "ffffffff",
                    "bottom_right_border_style": "plain",
                    "bottom_right_border_width": 1,
                    "font_color": "ffffffff",
                    "font_name": "Andale Mono",
                    "font_size": 148,
                    "font_style": "normal",
                    "font_weight": "normal",
                    "gridLineColor": "0000000",
                    "isForked": true,
                    "psp": {},
                    "shadow": {
                        "br": 2,
                        "color": "000000",
                        "inner": false,
                        "x": 0,
                        "y": 2
                    },
                    "text_shadow": {
                        "br": 0,
                        "color": "000000",
                        "x": 0,
                        "y": -1
                    },
                    "top_left_border_color": "ffffffff",
                    "top_left_border_style": "plain",
                    "top_left_border_width": "1",
                    "top_right_border_color": "ffffffff",
                    "top_right_border_style": "plain",
                    "top_right_border_width": 1,
                    "vizChannel": "spawindowstablet",
                    "wType": "Button"
                },
                "spawinphone8": {
                    "font_name": "Andale Mono"
                },
                "tabrcandroid": {
                    "applicableblockedUIWidget": "Button",
                    "background_color": "18a2a219",
                    "bg_type": "one",
                    "blockedimgURL": "",
                    "border_color": "ff5d6eff",
                    "border_style": "plain",
                    "border_type": 0,
                    "border_width": 1,
                    "bottom_left_border_color": "000000ff",
                    "bottom_left_border_radius": 10,
                    "bottom_left_border_width": 0,
                    "bottom_right_border_color": "000000ff",
                    "bottom_right_border_radius": 10,
                    "bottom_right_border_width": 0,
                    "font_color": "ffffffff",
                    "font_name": "default",
                    "font_size": 148,
                    "font_style": "normal",
                    "font_weight": "normal",
                    "gridLineColor": "0000000",
                    "isForked": true,
                    "psp": {},
                    "shadow": {
                        "br": 0,
                        "color": "000000",
                        "inner": false,
                        "x": 0,
                        "y": 0
                    },
                    "text_shadow": {
                        "br": 0,
                        "color": "000000",
                        "x": 0,
                        "y": -1
                    },
                    "top_left_border_color": "000000ff",
                    "top_left_border_radius": 10,
                    "top_left_border_width": 0,
                    "top_right_border_color": "000000ff",
                    "top_right_border_radius": 10,
                    "top_right_border_width": 0,
                    "use_native": "false",
                    "vizChannel": "tabrcandroid",
                    "wType": "Button"
                },
                "text_shadow": {
                    "br": 0,
                    "color": "000000",
                    "x": 0,
                    "y": 0
                },
                "top_left_border_color": "000000ff",
                "top_left_border_radius": 10,
                "top_left_border_width": 0,
                "top_right_border_color": "000000ff",
                "top_right_border_radius": 10,
                "top_right_border_width": 0,
                "vizChannel": "default",
                "wType": "Button",
                "watchos": {
                    "font_name": "Arial",
                    "font_size": 140,
                    "isForked": false
                },
                "windows8": {
                    "applicableblockedUIWidget": "Button",
                    "background_color": "18a2a219",
                    "bg_type": "one",
                    "blockedimgURL": "",
                    "border_color": "ff5d6eff",
                    "border_style": "plain",
                    "border_type": 0,
                    "border_width": 1,
                    "bottom_left_border_color": "000000ff",
                    "bottom_left_border_radius": 10,
                    "bottom_left_border_width": 0,
                    "bottom_right_border_color": "000000ff",
                    "bottom_right_border_radius": 10,
                    "bottom_right_border_width": 0,
                    "font_color": "ffffffff",
                    "font_name": "GenericMonospace",
                    "font_size": 148,
                    "font_style": "normal",
                    "font_weight": "normal",
                    "gridLineColor": "0000000",
                    "isForked": true,
                    "psp": {},
                    "shadow": {
                        "br": 0,
                        "color": "000000",
                        "inner": false,
                        "x": 0,
                        "y": 0
                    },
                    "text_shadow": {
                        "br": 0,
                        "color": "000000",
                        "x": 0,
                        "y": 0
                    },
                    "top_left_border_color": "000000ff",
                    "top_left_border_radius": 10,
                    "top_left_border_width": 0,
                    "top_right_border_color": "000000ff",
                    "top_right_border_radius": 10,
                    "top_right_border_width": 0,
                    "use_native": "false",
                    "vizChannel": "windows8",
                    "wType": "Button"
                },
                "winphone8": {
                    "font_name": "GenericMonospace"
                }
            },
            "lblWhite100": {
                "android": {
                    "font_name": "ClanPro-Book"
                },
                "applicableblockedUIWidget": "Button",
                "background_color": "00000000",
                "background_style": "vg",
                "bg_type": "one",
                "blockedimgURL": "",
                "border_color": "424242ff",
                "border_radius": 0,
                "border_style": "plain",
                "border_type": 0,
                "border_width": 0,
                "bottom_left_border_color": "000000ff",
                "bottom_left_border_radius": 10,
                "bottom_left_border_width": 0,
                "bottom_right_border_color": "000000ff",
                "bottom_right_border_radius": 10,
                "bottom_right_border_width": 0,
                "desktopweb": {
                    "font_name": "Andale Mono"
                },
                "font_color": "ffffffff",
                "font_size": 100,
                "font_style": "normal",
                "font_weight": "normal",
                "gridLineColor": "0000000",
                "id": "sb646221c43c4b7ab95a0b1a5e3a3e5c",
                "ipad": {
                    "font_name": "AmericanTypewriter"
                },
                "iphone": {
                    "applicableblockedUIWidget": "Button",
                    "background_color": "00000000",
                    "bg_type": "one",
                    "blockedimgURL": "",
                    "border_color": "424242ff",
                    "border_style": "plain",
                    "border_type": 0,
                    "border_width": 0,
                    "bottom_left_border_color": "000000ff",
                    "bottom_left_border_radius": 10,
                    "bottom_left_border_width": 0,
                    "bottom_right_border_color": "000000ff",
                    "bottom_right_border_radius": 10,
                    "bottom_right_border_width": 0,
                    "font_color": "ffffffff",
                    "font_name": "ClanPro-Book",
                    "font_size": 100,
                    "font_style": "normal",
                    "font_weight": "normal",
                    "isForked": false,
                    "top_left_border_color": "000000ff",
                    "top_left_border_radius": 10,
                    "top_left_border_width": 0,
                    "top_right_border_color": "000000ff",
                    "top_right_border_radius": 10,
                    "top_right_border_width": 0,
                    "vizChannel": "iphone",
                    "wType": "Label"
                },
                "isDefaultSkin": false,
                "isForked": false,
                "kiosk": {
                    "font_name": "GenericMonospace"
                },
                "kuid": "sb646221c43c4b7ab95a0b1a5e3a3e5c",
                "shadow": {
                    "br": 0,
                    "color": "000000",
                    "inner": false,
                    "x": 0,
                    "y": 0
                },
                "spaan": {
                    "font_name": "Andale Mono"
                },
                "spaandroidtablet": {
                    "font_name": "Andale Mono"
                },
                "spabb": {
                    "font_name": "Andale Mono"
                },
                "spaip": {
                    "font_name": "Andale Mono"
                },
                "spaipad": {
                    "font_name": "Andale Mono"
                },
                "spawindowstablet": {
                    "font_name": "Andale Mono"
                },
                "spawinphone8": {
                    "font_name": "Andale Mono"
                },
                "tabrcandroid": {
                    "font_name": "default"
                },
                "text_shadow": {
                    "br": 0,
                    "color": "000000",
                    "x": 0,
                    "y": 0
                },
                "top_left_border_color": "000000ff",
                "top_left_border_radius": 10,
                "top_left_border_width": 0,
                "top_right_border_color": "000000ff",
                "top_right_border_radius": 10,
                "top_right_border_width": 0,
                "vizChannel": "default",
                "wType": "Label",
                "watchos": {
                    "font_name": "Arial"
                },
                "windows8": {
                    "font_name": "GenericMonospace"
                },
                "winphone8": {
                    "font_name": "GenericMonospace"
                }
            },
            "lblWhite129": {
                "android": {
                    "font_name": "ClanPro-Book",
                    "font_size": 129,
                    "isForked": false
                },
                "applicableblockedUIWidget": "Button",
                "background_color": "00000000",
                "bg_type": "one",
                "blockedimgURL": "",
                "border_color": "424242ff",
                "border_style": "plain",
                "border_type": 0,
                "border_width": 0,
                "bottom_left_border_color": "000000ff",
                "bottom_left_border_radius": 10,
                "bottom_left_border_width": 0,
                "bottom_right_border_color": "000000ff",
                "bottom_right_border_radius": 10,
                "bottom_right_border_width": 0,
                "desktopweb": {
                    "font_name": "Andale Mono",
                    "font_size": 129,
                    "isForked": false
                },
                "fontSizeInPx": false,
                "font_color": "ffffffff",
                "font_size": 129,
                "font_style": "normal",
                "font_weight": "normal",
                "gridLineColor": "0000000",
                "id": "s7d57a01df7b488f934af40c91e7d577",
                "ipad": {
                    "applicableblockedUIWidget": "Button",
                    "background_color": "00000000",
                    "bg_type": "one",
                    "blockedimgURL": "",
                    "border_color": "424242ff",
                    "border_style": "plain",
                    "border_type": 0,
                    "border_width": 0,
                    "bottom_left_border_color": "000000ff",
                    "bottom_left_border_radius": 10,
                    "bottom_left_border_width": 0,
                    "bottom_right_border_color": "000000ff",
                    "bottom_right_border_radius": 10,
                    "bottom_right_border_width": 0,
                    "font_color": "ffffffff",
                    "font_name": "AmericanTypewriter",
                    "font_size": 129,
                    "font_style": "normal",
                    "font_weight": "normal",
                    "isForked": false,
                    "top_left_border_color": "000000ff",
                    "top_left_border_radius": 10,
                    "top_left_border_width": 0,
                    "top_right_border_color": "000000ff",
                    "top_right_border_radius": 10,
                    "top_right_border_width": 0,
                    "vizChannel": "ipad",
                    "wType": "Label"
                },
                "iphone": {
                    "font_name": "ClanPro-Book",
                    "font_size": 129,
                    "isForked": false
                },
                "isDefaultSkin": false,
                "isForked": false,
                "kiosk": {
                    "font_name": "GenericMonospace",
                    "font_size": 129,
                    "isForked": false
                },
                "kuid": "s7d57a01df7b488f934af40c91e7d577",
                "shadow": {
                    "br": 0,
                    "color": "000000",
                    "inner": false,
                    "x": 0,
                    "y": 0
                },
                "spaan": {
                    "font_name": "Andale Mono",
                    "font_size": 129,
                    "isForked": false
                },
                "spaandroidtablet": {
                    "font_name": "Andale Mono",
                    "font_size": 129,
                    "isForked": false
                },
                "spabb": {
                    "font_name": "Andale Mono",
                    "font_size": 129,
                    "isForked": false
                },
                "spaip": {
                    "font_name": "Andale Mono",
                    "font_size": 129,
                    "isForked": false
                },
                "spaipad": {
                    "font_name": "Andale Mono",
                    "font_size": 129,
                    "isForked": false
                },
                "spawindowstablet": {
                    "font_name": "Andale Mono",
                    "font_size": 129,
                    "isForked": false
                },
                "spawinphone8": {
                    "font_name": "Andale Mono",
                    "font_size": 129,
                    "isForked": false
                },
                "tabrcandroid": {
                    "font_name": "default",
                    "font_size": 129,
                    "isForked": false
                },
                "text_shadow": {
                    "br": 0,
                    "color": "000000",
                    "x": 0,
                    "y": 0
                },
                "top_left_border_color": "000000ff",
                "top_left_border_radius": 10,
                "top_left_border_width": 0,
                "top_right_border_color": "000000ff",
                "top_right_border_radius": 10,
                "top_right_border_width": 0,
                "vizChannel": "default",
                "wType": "Label",
                "watchos": {
                    "font_name": "Arial",
                    "font_size": 129,
                    "isForked": false
                },
                "windows8": {
                    "font_name": "GenericMonospace",
                    "font_size": 129,
                    "isForked": false
                },
                "winphone8": {
                    "font_name": "GenericMonospace",
                    "font_size": 129,
                    "isForked": false
                }
            },
            "slFbox": {
                "background_color": "00000000",
                "bg_type": "one",
                "border_color": "000000ff",
                "border_style": "plain",
                "border_type": 0,
                "border_width": 0,
                "id": "sd4ccd5d433846918e20156cd6e294c6",
                "isDefaultSkin": false,
                "kuid": "sd4ccd5d433846918e20156cd6e294c6",
                "wType": "FlexContainer"
            },
            "slFbox0b0aadb2408fa4b": {
                "applicableblockedUIWidget": "Button",
                "background_image": "common_bg.png",
                "bg_type": "image",
                "blockedimgURL": "",
                "border_color": "000000ff",
                "border_style": "plain",
                "border_type": 0,
                "border_width": 0,
                "bottom_left_border_color": "000000ff",
                "bottom_left_border_radius": 10,
                "bottom_left_border_width": 0,
                "bottom_right_border_color": "000000ff",
                "bottom_right_border_radius": 10,
                "bottom_right_border_width": 0,
                "font_color": "000000ff",
                "font_size": 100,
                "font_style": "normal",
                "font_weight": "normal",
                "gridLineColor": "0000000",
                "id": "sa9ee222776245bcbcda1e2a6731a0d4",
                "isDefaultSkin": false,
                "isForked": false,
                "kuid": "sa9ee222776245bcbcda1e2a6731a0d4",
                "shadow": {
                    "br": 0,
                    "color": "000000",
                    "inner": false,
                    "x": 0,
                    "y": 0
                },
                "text_shadow": {
                    "br": 0,
                    "color": "000000",
                    "x": 0,
                    "y": 0
                },
                "top_left_border_color": "000000ff",
                "top_left_border_radius": 10,
                "top_left_border_width": 0,
                "top_right_border_color": "000000ff",
                "top_right_border_radius": 10,
                "top_right_border_width": 0,
                "vizChannel": "default",
                "wType": "FlexContainer"
            },
            "slImage": {
                "background_color": "00000000",
                "bg_type": "one",
                "border_color": "000000ff",
                "border_style": "plain",
                "border_type": 0,
                "border_width": 0,
                "font_color": "000000ff",
                "font_name": "Helvetica",
                "font_size": 156,
                "font_style": "normal",
                "font_weight": "normal",
                "id": "sd213017bb844a0b8e6c24efdfe51d28",
                "isDefaultSkin": false,
                "kuid": "sd213017bb844a0b8e6c24efdfe51d28",
                "wType": "Image"
            },
            "tbxUserNameF": {
                "android": {
                    "applicableblockedUIWidget": "Button",
                    "background_color": "18a2a219",
                    "bg_type": "one",
                    "blockedimgURL": "",
                    "border_color": "ff5d6eff",
                    "border_style": "plain",
                    "border_type": 0,
                    "border_width": 1,
                    "bottom_left_border_color": "000000ff",
                    "bottom_left_border_radius": 10,
                    "bottom_left_border_width": 0,
                    "bottom_right_border_color": "000000ff",
                    "bottom_right_border_radius": 10,
                    "bottom_right_border_width": 0,
                    "font_color": "ffffffff",
                    "font_name": "ClanPro-Book",
                    "font_size": 110,
                    "font_style": "normal",
                    "font_weight": "normal",
                    "gridLineColor": "0000000",
                    "isForked": true,
                    "psp": {},
                    "shadow": {
                        "br": 0,
                        "color": "000000",
                        "inner": false,
                        "x": 0,
                        "y": 0
                    },
                    "text_shadow": {
                        "br": 0,
                        "color": "000000",
                        "x": 0,
                        "y": 0
                    },
                    "top_left_border_color": "000000ff",
                    "top_left_border_radius": 10,
                    "top_left_border_width": 0,
                    "top_right_border_color": "000000ff",
                    "top_right_border_radius": 10,
                    "top_right_border_width": 0,
                    "use_native": "false",
                    "vizChannel": "android",
                    "wType": "TextField"
                },
                "applicableblockedUIWidget": "Button",
                "background_color": "18a2a219",
                "background_style": "vg",
                "bg_type": "one",
                "blockedimgURL": "",
                "border_color": "ff5d6eff",
                "border_radius": 0,
                "border_style": "plain",
                "border_type": 0,
                "border_width": 1,
                "bottom_left_border_color": "000000ff",
                "bottom_left_border_radius": 10,
                "bottom_left_border_width": 0,
                "bottom_right_border_color": "000000ff",
                "bottom_right_border_radius": 10,
                "bottom_right_border_width": 0,
                "desktopweb": {
                    "font_name": "Andale Mono"
                },
                "font_color": "ffffffff",
                "font_size": 110,
                "font_style": "normal",
                "font_weight": "normal",
                "gridLineColor": "0000000",
                "id": "s5b39df7a4284024945eff7cac78e1a5",
                "ipad": {
                    "applicableblockedUIWidget": "Button",
                    "background_color": "18a2a219",
                    "bg_type": "one",
                    "blockedimgURL": "",
                    "border_color": "ff5d6eff",
                    "border_style": "plain",
                    "border_type": 0,
                    "border_width": 1,
                    "bottom_left_border_color": "000000ff",
                    "bottom_left_border_radius": 10,
                    "bottom_left_border_width": 0,
                    "bottom_right_border_color": "000000ff",
                    "bottom_right_border_radius": 10,
                    "bottom_right_border_width": 0,
                    "font_color": "ffffffff",
                    "font_name": "AmericanTypewriter",
                    "font_size": 110,
                    "font_style": "normal",
                    "font_weight": "normal",
                    "gridLineColor": "0000000",
                    "isForked": true,
                    "psp": {},
                    "shadow": {
                        "br": 0,
                        "color": "000000",
                        "inner": false,
                        "x": 0,
                        "y": 0
                    },
                    "text_shadow": {
                        "br": 0,
                        "color": "000000",
                        "x": 0,
                        "y": 0
                    },
                    "top_left_border_color": "000000ff",
                    "top_left_border_radius": 10,
                    "top_left_border_width": 0,
                    "top_right_border_color": "000000ff",
                    "top_right_border_radius": 10,
                    "top_right_border_width": 0,
                    "use_native": "false",
                    "vizChannel": "ipad",
                    "wType": "TextField"
                },
                "iphone": {
                    "font_name": "ClanPro-Book"
                },
                "isDefaultSkin": false,
                "isForked": false,
                "kiosk": {
                    "font_name": "GenericMonospace"
                },
                "kuid": "s5b39df7a4284024945eff7cac78e1a5",
                "shadow": {
                    "br": 0,
                    "color": "000000",
                    "inner": false,
                    "x": 0,
                    "y": 0
                },
                "spaan": {
                    "applicableblockedUIWidget": "Button",
                    "background_color": "18a2a219",
                    "bg_type": "one",
                    "blockedimgURL": "",
                    "border_color": "ff5d6eff",
                    "border_style": "plain",
                    "border_type": 0,
                    "border_width": 1,
                    "bottom_left_border_color": "ff5d6eff",
                    "bottom_left_border_style": "plain",
                    "bottom_left_border_width": 1,
                    "bottom_right_border_color": "ff5d6eff",
                    "bottom_right_border_style": "plain",
                    "bottom_right_border_width": 1,
                    "font_color": "ffffffff",
                    "font_name": "Andale Mono",
                    "font_size": 110,
                    "font_style": "normal",
                    "font_weight": "normal",
                    "gridLineColor": "0000000",
                    "isForked": true,
                    "psp": {},
                    "shadow": {
                        "br": 0,
                        "color": "000000",
                        "inner": false,
                        "x": 0,
                        "y": 0
                    },
                    "text_shadow": {
                        "br": 0,
                        "color": "000000",
                        "x": 0,
                        "y": 0
                    },
                    "top_left_border_color": "ff5d6eff",
                    "top_left_border_style": "plain",
                    "top_left_border_width": 1,
                    "top_right_border_color": "ff5d6eff",
                    "top_right_border_style": "plain",
                    "top_right_border_width": 1,
                    "vizChannel": "spaan",
                    "wType": "TextField"
                },
                "spaandroidtablet": {
                    "applicableblockedUIWidget": "Button",
                    "background_color": "18a2a219",
                    "bg_type": "one",
                    "blockedimgURL": "",
                    "border_color": "ff5d6eff",
                    "border_style": "plain",
                    "border_type": 0,
                    "border_width": 1,
                    "bottom_left_border_color": "ff5d6eff",
                    "bottom_left_border_style": "plain",
                    "bottom_left_border_width": 1,
                    "bottom_right_border_color": "ff5d6eff",
                    "bottom_right_border_style": "plain",
                    "bottom_right_border_width": 1,
                    "font_color": "ffffffff",
                    "font_name": "Andale Mono",
                    "font_size": 110,
                    "font_style": "normal",
                    "font_weight": "normal",
                    "gridLineColor": "0000000",
                    "isForked": true,
                    "psp": {},
                    "shadow": {
                        "br": 0,
                        "color": "000000",
                        "inner": false,
                        "x": 0,
                        "y": 0
                    },
                    "text_shadow": {
                        "br": 0,
                        "color": "000000",
                        "x": 0,
                        "y": 0
                    },
                    "top_left_border_color": "ff5d6eff",
                    "top_left_border_style": "plain",
                    "top_left_border_width": 1,
                    "top_right_border_color": "ff5d6eff",
                    "top_right_border_style": "plain",
                    "top_right_border_width": 1,
                    "use_native": "false",
                    "vizChannel": "spaandroidtablet",
                    "wType": "TextField"
                },
                "spabb": {
                    "font_name": "Andale Mono"
                },
                "spaip": {
                    "applicableblockedUIWidget": "Button",
                    "background_color": "18a2a219",
                    "bg_type": "one",
                    "blockedimgURL": "",
                    "border_color": "ff5d6eff",
                    "border_style": "plain",
                    "border_type": 0,
                    "border_width": 1,
                    "bottom_left_border_color": "ff5d6eff",
                    "bottom_left_border_style": "plain",
                    "bottom_left_border_width": 1,
                    "bottom_right_border_color": "ff5d6eff",
                    "bottom_right_border_style": "plain",
                    "bottom_right_border_width": 1,
                    "font_color": "ffffffff",
                    "font_name": "Andale Mono",
                    "font_size": 110,
                    "font_style": "normal",
                    "font_weight": "normal",
                    "gridLineColor": "0000000",
                    "isForked": true,
                    "psp": {},
                    "shadow": {
                        "br": 0,
                        "color": "000000",
                        "inner": false,
                        "x": 0,
                        "y": 0
                    },
                    "text_shadow": {
                        "br": 0,
                        "color": "000000",
                        "x": 0,
                        "y": 0
                    },
                    "top_left_border_color": "ff5d6eff",
                    "top_left_border_style": "plain",
                    "top_left_border_width": 1,
                    "top_right_border_color": "ff5d6eff",
                    "top_right_border_style": "plain",
                    "top_right_border_width": 1,
                    "use_native": "false",
                    "vizChannel": "spaip",
                    "wType": "TextField"
                },
                "spaipad": {
                    "applicableblockedUIWidget": "Button",
                    "background_color": "18a2a219",
                    "bg_type": "one",
                    "blockedimgURL": "",
                    "border_color": "ff5d6eff",
                    "border_style": "plain",
                    "border_type": 0,
                    "border_width": 1,
                    "bottom_left_border_color": "ff5d6eff",
                    "bottom_left_border_style": "plain",
                    "bottom_left_border_width": 1,
                    "bottom_right_border_color": "ff5d6eff",
                    "bottom_right_border_style": "plain",
                    "bottom_right_border_width": 1,
                    "font_color": "ffffffff",
                    "font_name": "Andale Mono",
                    "font_size": 110,
                    "font_style": "normal",
                    "font_weight": "normal",
                    "gridLineColor": "0000000",
                    "isForked": true,
                    "psp": {},
                    "shadow": {
                        "br": 0,
                        "color": "000000",
                        "inner": false,
                        "x": 0,
                        "y": 0
                    },
                    "text_shadow": {
                        "br": 0,
                        "color": "000000",
                        "x": 0,
                        "y": 0
                    },
                    "top_left_border_color": "ff5d6eff",
                    "top_left_border_style": "plain",
                    "top_left_border_width": 1,
                    "top_right_border_color": "ff5d6eff",
                    "top_right_border_style": "plain",
                    "top_right_border_width": 1,
                    "use_native": "false",
                    "vizChannel": "spaipad",
                    "wType": "TextField"
                },
                "spawindowstablet": {
                    "applicableblockedUIWidget": "Button",
                    "background_color": "18a2a219",
                    "bg_type": "one",
                    "blockedimgURL": "",
                    "border_color": "ff5d6eff",
                    "border_style": "plain",
                    "border_type": 0,
                    "border_width": 1,
                    "bottom_left_border_color": "ff5d6eff",
                    "bottom_left_border_style": "plain",
                    "bottom_left_border_width": 1,
                    "bottom_right_border_color": "ff5d6eff",
                    "bottom_right_border_style": "plain",
                    "bottom_right_border_width": 1,
                    "font_color": "ffffffff",
                    "font_name": "Andale Mono",
                    "font_size": 110,
                    "font_style": "normal",
                    "font_weight": "normal",
                    "gridLineColor": "0000000",
                    "isForked": true,
                    "psp": {},
                    "shadow": {
                        "br": 0,
                        "color": "000000",
                        "inner": false,
                        "x": 0,
                        "y": 0
                    },
                    "text_shadow": {
                        "br": 0,
                        "color": "000000",
                        "x": 0,
                        "y": 0
                    },
                    "top_left_border_color": "ff5d6eff",
                    "top_left_border_style": "plain",
                    "top_left_border_width": 1,
                    "top_right_border_color": "ff5d6eff",
                    "top_right_border_style": "plain",
                    "top_right_border_width": 1,
                    "use_native": "false",
                    "vizChannel": "spawindowstablet",
                    "wType": "TextField"
                },
                "spawinphone8": {
                    "applicableblockedUIWidget": "Button",
                    "background_color": "18a2a219",
                    "bg_type": "one",
                    "blockedimgURL": "",
                    "border_color": "ff5d6eff",
                    "border_style": "plain",
                    "border_type": 0,
                    "border_width": 1,
                    "bottom_left_border_color": "ff5d6eff",
                    "bottom_left_border_style": "plain",
                    "bottom_left_border_width": 1,
                    "bottom_right_border_color": "ff5d6eff",
                    "bottom_right_border_style": "plain",
                    "bottom_right_border_width": 1,
                    "font_color": "ffffffff",
                    "font_name": "Andale Mono",
                    "font_size": 110,
                    "font_style": "normal",
                    "font_weight": "normal",
                    "gridLineColor": "0000000",
                    "isForked": true,
                    "psp": {},
                    "shadow": {
                        "br": 0,
                        "color": "000000",
                        "inner": false,
                        "x": 0,
                        "y": 0
                    },
                    "text_shadow": {
                        "br": 0,
                        "color": "000000",
                        "x": 0,
                        "y": 0
                    },
                    "top_left_border_color": "ff5d6eff",
                    "top_left_border_style": "plain",
                    "top_left_border_width": 1,
                    "top_right_border_color": "ff5d6eff",
                    "top_right_border_style": "plain",
                    "top_right_border_width": 1,
                    "use_native": "false",
                    "vizChannel": "spawinphone8",
                    "wType": "TextField"
                },
                "tabrcandroid": {
                    "applicableblockedUIWidget": "Button",
                    "background_color": "18a2a219",
                    "bg_type": "one",
                    "blockedimgURL": "",
                    "border_color": "ff5d6eff",
                    "border_style": "plain",
                    "border_type": 0,
                    "border_width": 1,
                    "bottom_left_border_color": "000000ff",
                    "bottom_left_border_radius": 10,
                    "bottom_left_border_width": 0,
                    "bottom_right_border_color": "000000ff",
                    "bottom_right_border_radius": 10,
                    "bottom_right_border_width": 0,
                    "font_color": "ffffffff",
                    "font_name": "default",
                    "font_size": 110,
                    "font_style": "normal",
                    "font_weight": "normal",
                    "gridLineColor": "0000000",
                    "isForked": true,
                    "psp": {},
                    "shadow": {
                        "br": 0,
                        "color": "000000",
                        "inner": false,
                        "x": 0,
                        "y": 0
                    },
                    "text_shadow": {
                        "br": 0,
                        "color": "000000",
                        "x": 0,
                        "y": 0
                    },
                    "top_left_border_color": "000000ff",
                    "top_left_border_radius": 10,
                    "top_left_border_width": 0,
                    "top_right_border_color": "000000ff",
                    "top_right_border_radius": 10,
                    "top_right_border_width": 0,
                    "use_native": "false",
                    "vizChannel": "tabrcandroid",
                    "wType": "TextField"
                },
                "text_shadow": {
                    "br": 0,
                    "color": "000000",
                    "x": 0,
                    "y": 0
                },
                "top_left_border_color": "000000ff",
                "top_left_border_radius": 10,
                "top_left_border_width": 0,
                "top_right_border_color": "000000ff",
                "top_right_border_radius": 10,
                "top_right_border_width": 0,
                "vizChannel": "default",
                "wType": "TextField",
                "watchos": {
                    "font_name": "Arial"
                },
                "windows8": {
                    "applicableblockedUIWidget": "Button",
                    "background_color": "18a2a219",
                    "bg_type": "one",
                    "blockedimgURL": "",
                    "border_color": "ff5d6eff",
                    "border_style": "plain",
                    "border_type": 0,
                    "border_width": 1,
                    "bottom_left_border_color": "000000ff",
                    "bottom_left_border_radius": 10,
                    "bottom_left_border_width": 0,
                    "bottom_right_border_color": "000000ff",
                    "bottom_right_border_radius": 10,
                    "bottom_right_border_width": 0,
                    "font_color": "ffffffff",
                    "font_name": "GenericMonospace",
                    "font_size": 110,
                    "font_style": "normal",
                    "font_weight": "normal",
                    "gridLineColor": "0000000",
                    "isForked": true,
                    "psp": {},
                    "shadow": {
                        "br": 0,
                        "color": "000000",
                        "inner": false,
                        "x": 0,
                        "y": 0
                    },
                    "text_shadow": {
                        "br": 0,
                        "color": "000000",
                        "x": 0,
                        "y": 0
                    },
                    "top_left_border_color": "000000ff",
                    "top_left_border_radius": 10,
                    "top_left_border_width": 0,
                    "top_right_border_color": "000000ff",
                    "top_right_border_radius": 10,
                    "top_right_border_width": 0,
                    "use_native": "false",
                    "vizChannel": "windows8",
                    "wType": "TextField"
                },
                "winphone8": {
                    "applicableblockedUIWidget": "Button",
                    "background_color": "18a2a219",
                    "bg_type": "one",
                    "blockedimgURL": "",
                    "border_color": "ff5d6eff",
                    "border_style": "plain",
                    "border_type": 0,
                    "border_width": 1,
                    "bottom_left_border_color": "000000ff",
                    "bottom_left_border_radius": 10,
                    "bottom_left_border_width": 0,
                    "bottom_right_border_color": "000000ff",
                    "bottom_right_border_radius": 10,
                    "bottom_right_border_width": 0,
                    "font_color": "ffffffff",
                    "font_name": "GenericMonospace",
                    "font_size": 110,
                    "font_style": "normal",
                    "font_weight": "normal",
                    "gridLineColor": "0000000",
                    "isForked": true,
                    "psp": {},
                    "shadow": {
                        "br": 0,
                        "color": "000000",
                        "inner": false,
                        "x": 0,
                        "y": 0
                    },
                    "text_shadow": {
                        "br": 0,
                        "color": "000000",
                        "x": 0,
                        "y": 0
                    },
                    "top_left_border_color": "000000ff",
                    "top_left_border_radius": 10,
                    "top_left_border_width": 0,
                    "top_right_border_color": "000000ff",
                    "top_right_border_radius": 10,
                    "top_right_border_width": 0,
                    "use_native": "false",
                    "vizChannel": "winphone8",
                    "wType": "TextField"
                }
            },
            "tbxUserNameN": {
                "android": {
                    "font_name": "ClanPro-Book"
                },
                "applicableblockedUIWidget": "Button",
                "background_color": "18a2a2ff",
                "background_style": "vg",
                "bg_type": "one",
                "blockedimgURL": "",
                "border_color": "ff5d6eff",
                "border_radius": 0,
                "border_style": "plain",
                "border_type": 0,
                "border_width": 0,
                "bottom_left_border_color": "000000ff",
                "bottom_left_border_radius": 10,
                "bottom_left_border_width": 0,
                "bottom_right_border_color": "000000ff",
                "bottom_right_border_radius": 10,
                "bottom_right_border_width": 0,
                "desktopweb": {
                    "font_name": "Andale Mono"
                },
                "font_color": "ffffffff",
                "font_size": 100,
                "font_style": "normal",
                "font_weight": "normal",
                "gridLineColor": "0000000",
                "id": "s682ddf1c38c42629ed7778384a5c1e6",
                "ipad": {
                    "applicableblockedUIWidget": "Button",
                    "background_color": "18a2a2ff",
                    "bg_type": "one",
                    "blockedimgURL": "",
                    "border_color": "ff5d6eff",
                    "border_style": "plain",
                    "border_type": 0,
                    "border_width": 0,
                    "bottom_left_border_color": "000000ff",
                    "bottom_left_border_radius": 10,
                    "bottom_left_border_width": 0,
                    "bottom_right_border_color": "000000ff",
                    "bottom_right_border_radius": 10,
                    "bottom_right_border_width": 0,
                    "font_color": "ffffffff",
                    "font_name": "AmericanTypewriter",
                    "font_size": 100,
                    "font_style": "normal",
                    "font_weight": "normal",
                    "isForked": false,
                    "top_left_border_color": "000000ff",
                    "top_left_border_radius": 10,
                    "top_left_border_width": 0,
                    "top_right_border_color": "000000ff",
                    "top_right_border_radius": 10,
                    "top_right_border_width": 0,
                    "vizChannel": "ipad",
                    "wType": "TextField"
                },
                "iphone": {
                    "applicableblockedUIWidget": "Button",
                    "background_color": "18a2a2ff",
                    "bg_type": "one",
                    "blockedimgURL": "",
                    "border_color": "ff5d6eff",
                    "border_style": "plain",
                    "border_type": 0,
                    "border_width": 0,
                    "bottom_left_border_color": "000000ff",
                    "bottom_left_border_radius": 10,
                    "bottom_left_border_width": 0,
                    "bottom_right_border_color": "000000ff",
                    "bottom_right_border_radius": 10,
                    "bottom_right_border_width": 0,
                    "font_color": "ffffffff",
                    "font_name": "ClanPro-Book",
                    "font_size": 100,
                    "font_style": "normal",
                    "font_weight": "normal",
                    "isForked": false,
                    "top_left_border_color": "000000ff",
                    "top_left_border_radius": 10,
                    "top_left_border_width": 0,
                    "top_right_border_color": "000000ff",
                    "top_right_border_radius": 10,
                    "top_right_border_width": 0,
                    "vizChannel": "iphone",
                    "wType": "TextField"
                },
                "isDefaultSkin": false,
                "isForked": false,
                "kiosk": {
                    "font_name": "GenericMonospace"
                },
                "kuid": "s682ddf1c38c42629ed7778384a5c1e6",
                "shadow": {
                    "br": 0,
                    "color": "000000",
                    "inner": false,
                    "x": 0,
                    "y": 0
                },
                "spaan": {
                    "font_name": "Helvetica"
                },
                "spaandroidtablet": {
                    "font_name": "Andale Mono"
                },
                "spabb": {
                    "font_name": "Andale Mono"
                },
                "spaip": {
                    "font_name": "Helvetica Neue"
                },
                "spaipad": {
                    "font_name": "Andale Mono"
                },
                "spawindowstablet": {
                    "font_name": "Andale Mono"
                },
                "spawinphone8": {
                    "font_name": "Andale Mono"
                },
                "tabrcandroid": {
                    "font_name": "default"
                },
                "text_shadow": {
                    "br": 0,
                    "color": "000000",
                    "x": 0,
                    "y": 0
                },
                "top_left_border_color": "000000ff",
                "top_left_border_radius": 10,
                "top_left_border_width": 0,
                "top_right_border_color": "000000ff",
                "top_right_border_radius": 10,
                "top_right_border_width": 0,
                "vizChannel": "default",
                "wType": "TextField",
                "watchos": {
                    "font_name": "Arial"
                },
                "windows8": {
                    "font_name": "GenericMonospace"
                },
                "winphone8": {
                    "font_name": "GenericMonospace"
                }
            }
        },
        "sourceChannel": "mobile",
        "templateDef": {
            "DNDConfig": null,
            "__parentReadjusting__": false,
            "_height_": {
                "type": "string",
                "value": "100%"
            },
            "_left_": {
                "type": "string",
                "value": "0px"
            },
            "_margin_": [
                0,
                0,
                0,
                0
            ],
            "_orientation_": 6,
            "_padding_": [
                0,
                0,
                0,
                0
            ],
            "_percent_": true,
            "_skin_": "slFbox0b0aadb2408fa4b",
            "_top_": {
                "type": "string",
                "value": "0px"
            },
            "_width_": {
                "type": "string",
                "value": "100%"
            },
            "allboxes": [],
            "autogrowmode": 0,
            "btnLogin": {
                "@class": "com.kony.gen.viz.model.component.KVizButton",
                "DNDConfig": null,
                "__parentReadjusting__": false,
                "_height_": {
                    "type": "string",
                    "value": "46dp"
                },
                "_left_": {
                    "type": "string",
                    "value": "56dp"
                },
                "_margin_": [
                    6,
                    6,
                    6,
                    6
                ],
                "_padding_": [
                    0,
                    0,
                    0,
                    0
                ],
                "_skin_": "btnLoginN",
                "_text_": "Login",
                "_top_": {
                    "type": "string",
                    "value": "306dp"
                },
                "_width_": {
                    "type": "string",
                    "value": "274dp"
                },
                "canUpdateUI": true,
                "centerx": {
                    "type": "string",
                    "value": "50%"
                },
                "containerweight": 100,
                "contentalignment": 5,
                "displaytext": true,
                "focusskin": "btnLoginF",
                "id": "btnLogin",
                "info": null,
                "isvisible": true,
                "kuid": "c9f665a895874daab2fb1b15943d66c4",
                "name": "kony.ui.Button",
                "parent": "flxMain",
                "pf": "collection-form",
                "wType": "Button",
                "zindex": 5
            },
            "canUpdateUI": true,
            "children": [
                "flxFooter",
                "lblTitle",
                "btnLogin",
                "txtbxUserName",
                "txtbxPassword"
            ],
            "clipbounds": true,
            "containerweight": 100,
            "enablescrolling": true,
            "flxFooter": {
                "DNDConfig": null,
                "__parentReadjusting__": false,
                "_height_": {
                    "type": "string",
                    "value": "7%"
                },
                "_left_": {
                    "type": "string",
                    "value": "0%"
                },
                "_margin_": [
                    0,
                    0,
                    0,
                    0
                ],
                "_orientation_": 6,
                "_padding_": [
                    0,
                    0,
                    0,
                    0
                ],
                "_percent_": true,
                "_skin_": "slFbox",
                "_top_": {
                    "type": "string",
                    "value": "90%"
                },
                "_width_": {
                    "type": "string",
                    "value": "100%"
                },
                "allboxes": [],
                "autogrowmode": 0,
                "canUpdateUI": true,
                "children": [
                    "lblPoweredBy",
                    "imgPoweredBy"
                ],
                "clipbounds": true,
                "containerweight": 100,
                "enablescrolling": true,
                "id": "flxFooter",
                "imgPoweredBy": {
                    "@class": "com.kony.gen.viz.model.component.KVizImage2",
                    "DNDConfig": null,
                    "__parentReadjusting__": false,
                    "_base64_": null,
                    "_height_": {
                        "type": "string",
                        "value": "50dp"
                    },
                    "_margin_": [
                        0,
                        0,
                        0,
                        0
                    ],
                    "_padding_": [
                        0,
                        0,
                        0,
                        0
                    ],
                    "_skin_": "slImage",
                    "_src_": "konylogotab.png",
                    "_top_": {
                        "type": "string",
                        "value": "10dp"
                    },
                    "_width_": {
                        "type": "string",
                        "value": "60dp"
                    },
                    "canUpdateUI": true,
                    "centerx": {
                        "type": "string",
                        "value": "60%"
                    },
                    "centery": {
                        "type": "string",
                        "value": "50%"
                    },
                    "containerweight": 100,
                    "context": {
                        "channel": "mobile",
                        "platform": "iphone",
                        "templateType": "forms"
                    },
                    "id": "imgPoweredBy",
                    "imagescalemode": 1,
                    "info": null,
                    "invokedProperty": "src",
                    "isvisible": true,
                    "kuid": "5b779c2fad0443c690dfdd68c24a752f",
                    "name": "kony.ui.Image2",
                    "parent": "flxFooter",
                    "pf": "collection-form",
                    "srcType": 1,
                    "wType": "Image",
                    "widgetalignment": 5,
                    "zindex": 5
                },
                "info": null,
                "isvisible": true,
                "kuid": "af58ce9abcaf496e98704298d8d26107",
                "layouttype": 2,
                "lblPoweredBy": {
                    "@class": "com.kony.gen.viz.model.component.KVizLabel",
                    "DNDConfig": null,
                    "__parentReadjusting__": false,
                    "_height_": {
                        "type": "string",
                        "value": "20dp"
                    },
                    "_margin_": [
                        1,
                        1,
                        1,
                        1
                    ],
                    "_padding_": [
                        0,
                        0,
                        0,
                        0
                    ],
                    "_skin_": "lblWhite100",
                    "_text_": "Powered by",
                    "_width_": {
                        "type": "string",
                        "value": "40%"
                    },
                    "_wrapping_": 2,
                    "android": {
                        "textStyle": {
                            "letterSpacing": 0,
                            "strikeThrough": false
                        }
                    },
                    "canUpdateUI": true,
                    "centerx": {
                        "type": "string",
                        "value": "30%"
                    },
                    "centery": {
                        "type": "string",
                        "value": "50%"
                    },
                    "containerweight": 100,
                    "contentalignment": 6,
                    "id": "lblPoweredBy",
                    "info": null,
                    "ipad": {
                        "psp": {
                            "wrapping": 2
                        }
                    },
                    "iphone": {
                        "psp": {
                            "wrapping": 2
                        }
                    },
                    "isvisible": true,
                    "kuid": "0bea388d4e8544c697ce4bd61d07c043",
                    "name": "kony.ui.Label",
                    "parent": "flxFooter",
                    "pf": "collection-form",
                    "tooltip": "",
                    "wType": "Label",
                    "zindex": 5
                },
                "name": "kony.ui.FlexContainer",
                "parent": "flxMain",
                "pf": "collection-form",
                "snapgridsize": 10,
                "snaptogrid": true,
                "wType": "FlexContainer",
                "widgetalignment": 1,
                "zindex": 1
            },
            "id": "flxMain",
            "info": null,
            "isvisible": true,
            "kuid": "67c9f34693074d138750c380c2508663",
            "layouttype": 2,
            "lblTitle": {
                "@class": "com.kony.gen.viz.model.component.KVizLabel",
                "DNDConfig": null,
                "__parentReadjusting__": false,
                "_height_": {
                    "type": "string",
                    "value": "30dp"
                },
                "_left_": {
                    "type": "string",
                    "value": "0dp"
                },
                "_margin_": [
                    1,
                    1,
                    1,
                    1
                ],
                "_padding_": [
                    0,
                    0,
                    0,
                    0
                ],
                "_skin_": "lblWhite129",
                "_text_": "Kony",
                "_top_": {
                    "type": "string",
                    "value": "75dp"
                },
                "_width_": {
                    "type": "string",
                    "value": "100%"
                },
                "_wrapping_": 2,
                "android": {
                    "textStyle": {
                        "letterSpacing": 0,
                        "strikeThrough": false
                    }
                },
                "canUpdateUI": true,
                "containerweight": 100,
                "contentalignment": 5,
                "id": "lblTitle",
                "info": null,
                "ipad": {
                    "psp": {
                        "wrapping": 2
                    }
                },
                "iphone": {
                    "psp": {
                        "wrapping": 2
                    }
                },
                "isvisible": true,
                "kuid": "d40e26c2c7e74973baf73ddc9c2e3503",
                "name": "kony.ui.Label",
                "parent": "flxMain",
                "pf": "collection-form",
                "tooltip": "",
                "wType": "Label",
                "zindex": 5
            },
            "name": "kony.ui.FlexContainer",
            "parent": "collection-form",
            "pf": "collection-form",
            "snapgridsize": 10,
            "snaptogrid": true,
            "txtbxPassword": {
                "@class": "com.kony.gen.viz.model.component.KVizTextBox2",
                "DNDConfig": null,
                "__parentReadjusting__": false,
                "_height_": {
                    "type": "string",
                    "value": "45dp"
                },
                "_margin_": [
                    0,
                    0,
                    0,
                    0
                ],
                "_padding_": [
                    4,
                    0,
                    0,
                    0
                ],
                "_placeholder_": "Password",
                "_skin_": "tbxUserNameN",
                "_text_": "",
                "_top_": {
                    "type": "string",
                    "value": "183dp"
                },
                "_width_": {
                    "type": "string",
                    "value": "274dp"
                },
                "autocapitalize": "none",
                "autocomplete": false,
                "autocorrect": false,
                "autofilter": false,
                "canUpdateUI": true,
                "centerx": {
                    "type": "string",
                    "value": "50%"
                },
                "containerheight": "",
                "containerheightmode": 1,
                "containerweight": 100,
                "contentalignment": 4,
                "focusskin": "tbxUserNameF",
                "id": "txtbxPassword",
                "info": null,
                "iphone": {},
                "isvisible": true,
                "keyboardtype": "A",
                "kuid": "5b9f63b0cc904200bb218c008b12d5c8",
                "maxtextlength": "",
                "mode": "A",
                "name": "kony.ui.TextBox2",
                "paddinginpixel": false,
                "parent": "flxMain",
                "pf": "collection-form",
                "placeholderskin": "s682ddf1c38c42629ed7778384a5c1e6",
                "securetextentry": true,
                "textinputmode": "A",
                "viewtype": "default",
                "wType": "TextField",
                "zindex": 5
            },
            "txtbxUserName": {
                "@class": "com.kony.gen.viz.model.component.KVizTextBox2",
                "DNDConfig": null,
                "__parentReadjusting__": false,
                "_height_": {
                    "type": "string",
                    "value": "45dp"
                },
                "_margin_": [
                    0,
                    0,
                    0,
                    0
                ],
                "_padding_": [
                    4,
                    0,
                    0,
                    0
                ],
                "_placeholder_": "Username",
                "_skin_": "tbxUserNameN",
                "_text_": "",
                "_top_": {
                    "type": "string",
                    "value": "136dp"
                },
                "_width_": {
                    "type": "string",
                    "value": "274dp"
                },
                "autocapitalize": "none",
                "autocomplete": false,
                "autocorrect": false,
                "autofilter": false,
                "canUpdateUI": true,
                "centerx": {
                    "type": "string",
                    "value": "50%"
                },
                "containerheight": "",
                "containerheightmode": 1,
                "containerweight": 100,
                "contentalignment": 4,
                "focusskin": "tbxUserNameF",
                "id": "txtbxUserName",
                "info": null,
                "iphone": {},
                "isvisible": true,
                "keyboardstyle": "emailpad",
                "keyboardtype": "A",
                "kuid": "24d6ef7bc66643b5b5517e6816edde07",
                "mode": "A",
                "name": "kony.ui.TextBox2",
                "paddinginpixel": false,
                "parent": "flxMain",
                "pf": "collection-form",
                "placeholderskin": "s682ddf1c38c42629ed7778384a5c1e6",
                "securetextentry": false,
                "textinputmode": "A",
                "viewtype": "default",
                "wType": "TextField",
                "zindex": 5
            },
            "wType": "FlexContainer",
            "widgetalignment": 1,
            "zindex": 1
        }
    }
}