{
    "DNDConfig": null,
    "__parentReadjusting__": false,
    "_height_": {
        "type": "string",
        "value": "8%"
    },
    "_left_": {
        "type": "string",
        "value": "0%"
    },
    "_margin_": [
        0,
        0,
        0,
        0
    ],
    "_orientation_": 6,
    "_padding_": [
        0,
        0,
        0,
        0
    ],
    "_percent_": true,
    "_skin_": "s8f90c3be1804d07b7b8849ade8619f8",
    "_top_": {
        "type": "string",
        "value": "15%"
    },
    "_width_": {
        "type": "string",
        "value": "100%"
    },
    "allboxes": [],
    "autogrowmode": 0,
    "canUpdateUI": true,
    "childInstances": [],
    "children": [
        "lblDashboard",
        "imgDashboard"
    ],
    "clipbounds": true,
    "containerweight": 100,
    "enablescrolling": true,
    "id": "flxDashboard",
    "ide_onClick": "AS_FlexContainer_8b48ff50e6a8498596604684b7d33ce7",
    "info": null,
    "isvisible": true,
    "kuid": "04e87cd6ab934f22abfd238f0f4a788c",
    "layouttype": 2,
    "name": "kony.ui.FlexContainer",
    "parent": "flxMenu",
    "pf": "MasterHamburger",
    "snapgridsize": 10,
    "snaptogrid": true,
    "wType": "FlexContainer",
    "widgetalignment": 1,
    "zindex": 1
}