{
    "DNDConfig": null,
    "__parentReadjusting__": false,
    "_height_": {
        "type": "string",
        "value": "35dp"
    },
    "_left_": {
        "type": "string",
        "value": "4%"
    },
    "_margin_": [
        0,
        0,
        0,
        0
    ],
    "_orientation_": 6,
    "_padding_": [
        0,
        0,
        0,
        0
    ],
    "_percent_": true,
    "_skin_": "sd4ccd5d433846918e20156cd6e294c6",
    "_top_": {
        "type": "string",
        "value": "523dp"
    },
    "_width_": {
        "type": "string",
        "value": "50dp"
    },
    "allboxes": [],
    "autogrowmode": 0,
    "canUpdateUI": true,
    "centery": {
        "type": "string",
        "value": "50%"
    },
    "childInstances": [],
    "children": [
        "imgLogOut"
    ],
    "clipbounds": true,
    "containerweight": 100,
    "enablescrolling": true,
    "id": "flxLogOut",
    "ide_onClick": "AS_FlexContainer_5030dd37cc1e47cdbfda1e342612440d",
    "info": null,
    "isvisible": true,
    "kuid": "ef6061007e134322bc2cdc9c46104ed1",
    "layouttype": 2,
    "name": "kony.ui.FlexContainer",
    "parent": "flxFooterMenu",
    "pf": "MasterHamburger",
    "snapgridsize": 10,
    "snaptogrid": true,
    "wType": "FlexContainer",
    "widgetalignment": 1,
    "zindex": 1
}