{
    "@class": "com.kony.gen.viz.model.component.KVizImage2",
    "DNDConfig": null,
    "__parentReadjusting__": false,
    "_base64_": null,
    "_height_": {
        "type": "string",
        "value": "35dp"
    },
    "_left_": {
        "type": "string",
        "value": "4%"
    },
    "_margin_": [
        0,
        0,
        0,
        0
    ],
    "_padding_": [
        0,
        0,
        0,
        0
    ],
    "_skin_": "sd213017bb844a0b8e6c24efdfe51d28",
    "_src_": "opportunities.png",
    "_width_": {
        "type": "string",
        "value": "35dp"
    },
    "canUpdateUI": true,
    "centery": {
        "type": "string",
        "value": "50%"
    },
    "childInstances": [],
    "containerweight": 100,
    "context": {
        "channel": "mobile",
        "formID": "MasterHamburger",
        "platform": "android",
        "templateType": "masters",
        "topLevelBox": null
    },
    "id": "imgOpportunities",
    "imagescalemode": 1,
    "imagewhenfailed": "opportunities.png",
    "imagewhiledownloading": "opportunities.png",
    "info": null,
    "isvisible": true,
    "kuid": "7535b273c0ed4471a824eb75af57d3d4",
    "name": "kony.ui.Image2",
    "parent": "flxOpportunities",
    "pf": "MasterHamburger",
    "srcType": 1,
    "wType": "Image",
    "widgetalignment": 5,
    "zindex": 1
}