{
    "@class": "com.kony.gen.viz.model.component.KVizImage2",
    "DNDConfig": null,
    "__parentReadjusting__": false,
    "_base64_": null,
    "_height_": {
        "type": "string",
        "value": "35dp"
    },
    "_left_": {
        "type": "string",
        "value": "5%"
    },
    "_margin_": [
        0,
        0,
        0,
        0
    ],
    "_padding_": [
        0,
        0,
        0,
        0
    ],
    "_skin_": "sd213017bb844a0b8e6c24efdfe51d28",
    "_src_": "menu_settings.png",
    "_width_": {
        "type": "string",
        "value": "35dp"
    },
    "canUpdateUI": true,
    "centery": {
        "type": "string",
        "value": "50%"
    },
    "childInstances": [],
    "containerweight": 100,
    "context": {
        "channel": "mobile",
        "formID": "MasterHamburger",
        "platform": "android",
        "templateType": "masters",
        "topLevelBox": null
    },
    "id": "imgsettings",
    "imagescalemode": 1,
    "imagewhenfailed": "menu_settings.png",
    "imagewhiledownloading": "menu_settings.png",
    "info": null,
    "isvisible": true,
    "kuid": "821248178aa743dc94b3460e5733c7b0",
    "name": "kony.ui.Image2",
    "parent": "flxFooterMenu",
    "pf": "MasterHamburger",
    "srcType": 1,
    "wType": "Image",
    "widgetalignment": 5,
    "zindex": 1
}