{
    "@class": "com.kony.gen.viz.model.component.KVizLabel",
    "DNDConfig": null,
    "__parentReadjusting__": false,
    "_height_": {
        "type": "ref",
        "value": "preferred"
    },
    "_left_": {
        "type": "string",
        "value": "20%"
    },
    "_margin_": [
        1,
        1,
        1,
        1
    ],
    "_padding_": [
        0,
        0,
        0,
        0
    ],
    "_skin_": "s29aad4d3a7d4bb9996a72cab32d3065",
    "_text_": "Accounts",
    "_width_": {
        "type": "string",
        "value": "80%"
    },
    "_wrapping_": 2,
    "android": {
        "textStyle": {
            "letterSpacing": 0,
            "strikeThrough": false
        }
    },
    "canUpdateUI": true,
    "centery": {
        "type": "string",
        "value": "50%"
    },
    "childInstances": [],
    "containerweight": 100,
    "contentalignment": 4,
    "id": "lblAccounts",
    "info": null,
    "iphone": {
        "psp": {
            "wrapping": 2
        }
    },
    "isvisible": true,
    "kuid": "1c64814207f0479d995b6083c8891b72",
    "name": "kony.ui.Label",
    "parent": "flxAccounts",
    "pf": "MasterHamburger",
    "tooltip": "",
    "wType": "Label",
    "zindex": 1
}